Epoch,Training Loss,Validation Loss
1,0.006359660532325506,0.006005684845149517
2,0.006078413221985102,0.00568837346509099
3,0.005698683671653271,0.005178011022508144
4,0.004992509726434946,0.004064621869474649
5,0.0033854800276458263,0.0019817580468952656
6,0.0021436461247503757,0.0015856543323025107
7,0.0016800189623609185,0.0015978103037923574
8,0.0016706498572602868,0.00141813640948385
9,0.0015351703623309731,0.001373264123685658
10,0.0014590731589123607,0.0012927112402394414
11,0.0014287553494796157,0.0012809622567147017
12,0.0014059223467484117,0.001259473036043346
13,0.0013882152270525694,0.001240079291164875
14,0.001370831043459475,0.0012304573319852352
15,0.0013582229148596525,0.0012172869173809886
16,0.0013437446905300021,0.0012002263683825731
17,0.0013246184680610895,0.001179287675768137
18,0.0013041564961895347,0.001158441766165197
19,0.0012811596971005201,0.0011337378527969122
20,0.001257457071915269,0.001119211665354669
21,0.0012467617634683847,0.0011096467496827245
22,0.001238075434230268,0.001098613371141255
23,0.0012318264925852418,0.001096279826015234
24,0.0012211856665089726,0.0010829472448676825
25,0.0012151149567216635,0.0010747254127636552
26,0.0011994077358394861,0.0010565391276031733
27,0.0011829457944259048,0.0010320248547941446
28,0.0011574665550142527,0.0010007454548031092
29,0.0011181151494383812,0.0009500739397481084
30,0.0010627342853695154,0.0008690388058312237
31,0.0009867725893855095,0.0007946701953187585
32,0.0009306383435614407,0.0007569507579319179
33,0.0008840368827804923,0.0007041218923404813
34,0.0008210524101741612,0.0006437188712880015
35,0.000728416140191257,0.0005441189859993756
36,0.0005946738529019058,0.000399289361666888
37,0.00041337398579344153,0.0002727336250245571
38,0.0002641681639943272,0.00021279315114952624
39,0.00019202163093723357,0.00015279669605661184
40,0.00015189300756901503,0.00013068440603092313
41,0.00013441873306874186,0.00011489835742395371
42,0.0001327134668827057,0.00010764317266875878
43,0.0001248607732122764,0.00010814543202286586
44,0.00011342618381604552,9.65760336839594e-05
45,0.00010360715532442555,9.853160008788109e-05
46,9.326230792794377e-05,9.184180817101151e-05
47,8.682951738592237e-05,8.308006363222376e-05
48,8.327166870003566e-05,7.692149665672332e-05
49,7.948144775582477e-05,7.64722062740475e-05
50,7.636040390934795e-05,7.33653869247064e-05
51,7.30154788470827e-05,7.03068872098811e-05
52,7.027779793133959e-05,6.74031107337214e-05
53,6.782513082725927e-05,6.396575190592557e-05
54,6.449187640100718e-05,6.43227031105198e-05
55,6.205305544426665e-05,6.639058119617403e-05
56,6.067946014809422e-05,6.107846274971962e-05
57,5.729822441935539e-05,5.470043470268138e-05
58,5.4112453653942794e-05,5.200004670768976e-05
59,5.059634713688865e-05,4.93656043545343e-05
60,4.817012450075708e-05,4.595115751726553e-05
61,4.552262544166297e-05,4.52615822723601e-05
62,4.39370414824225e-05,4.1489987779641524e-05
63,4.309864743845537e-05,3.989643300883472e-05
64,4.353297845227644e-05,4.321273081586696e-05
65,3.9766808185959235e-05,3.6103581805946305e-05
66,3.4528045944171026e-05,3.44276922987774e-05
67,3.353931970195845e-05,3.140188709949143e-05
68,3.0841369152767584e-05,3.0424038413912058e-05
69,3.0131282983347774e-05,3.0525465263053775e-05
70,2.8842314350185916e-05,2.8130878490628675e-05
71,2.7063371817348525e-05,2.6979585527442396e-05
72,2.5782490411074832e-05,2.6010839064838365e-05
73,2.4923318051151e-05,2.418186704744585e-05
74,2.3506820070906542e-05,2.356120057811495e-05
75,2.2314790840027854e-05,2.2657690351479687e-05
76,2.1256299078231677e-05,2.172960012103431e-05
77,2.013957782764919e-05,2.062173734884709e-05
78,1.9133512978442013e-05,1.996091305045411e-05
79,1.815452560549602e-05,1.903339034470264e-05
80,1.7243601178051904e-05,1.8177093807025813e-05
81,1.655637788644526e-05,1.72049203683855e-05
82,1.5617293684044853e-05,1.686403265921399e-05
83,1.47655491673504e-05,1.5781062757014297e-05
84,1.4000676856085192e-05,1.4951129742257763e-05
85,1.3386119462666102e-05,1.4612962331739254e-05
86,1.273364159715129e-05,1.427829010935966e-05
87,1.2373774552543182e-05,1.4225540326151531e-05
88,1.220037756866077e-05,1.3186063370085321e-05
89,1.16461587822414e-05,1.3559033504861873e-05
90,1.1424061085563153e-05,1.2663878806051798e-05
91,1.0950403520837426e-05,1.245497514901217e-05
92,1.0590882993710693e-05,1.2845330275013112e-05
93,1.027994767355267e-05,1.1814683603006415e-05
94,9.866727850749157e-06,1.1647031897155102e-05
95,9.67847699939739e-06,1.196320226881653e-05
96,9.862565093499143e-06,1.2269474609638564e-05
97,9.736047104524914e-06,1.1130386155855376e-05
98,9.253148164134473e-06,1.0626061339280568e-05
99,8.986380635178648e-06,1.0807285434566438e-05
100,8.619645996077452e-06,1.0108340575243346e-05
101,8.375237484870013e-06,1.0007828677771613e-05
102,8.435757081315387e-06,9.925048289005645e-06
103,8.149354471242987e-06,9.99270923784934e-06
104,7.962436029629316e-06,9.528603186481632e-06
105,7.87073622632306e-06,9.684028555057012e-06
106,7.808774171280675e-06,9.488781870459206e-06
107,7.705223652010318e-06,9.317349395132624e-06
108,7.573696166218724e-06,8.957476893556304e-06
109,7.416327662213007e-06,9.082551514438819e-06
110,7.270072273968253e-06,8.788589184405282e-06
111,7.158075277402531e-06,8.761208846408408e-06
112,7.109358648449415e-06,8.701017577550374e-06
113,7.117573659343179e-06,8.590552170062438e-06
114,7.092337000358384e-06,8.418071956839412e-06
115,6.877508894831408e-06,8.533779691788368e-06
116,6.816131644882262e-06,8.590410288888961e-06
117,6.782359378121328e-06,8.162429367075674e-06
118,6.737068360962439e-06,8.501605407218449e-06
119,6.807089903304586e-06,8.52706034493167e-06
120,6.59766374155879e-06,8.086127309070434e-06
121,6.462063083745306e-06,8.129496563924477e-06
122,6.575536190212006e-06,8.554250598535873e-06
123,6.350343937810976e-06,7.939032002468593e-06
124,6.2461040215566754e-06,7.720156645518728e-06
125,6.169598691485589e-06,7.544506843260024e-06
126,6.421955276891822e-06,7.606241069879616e-06
127,6.498083621409023e-06,7.874166840338148e-06
128,6.492964985227445e-06,8.760053788137157e-06
129,6.520721399283502e-06,8.461209290544502e-06
130,6.385607321135467e-06,7.4425165621505585e-06
131,6.3038123698788695e-06,7.519403879996389e-06
132,6.113144081609789e-06,7.452057616319507e-06
133,5.9301760302332696e-06,7.447441021213308e-06
134,5.945470093138283e-06,7.782642569509335e-06
135,5.874816451978404e-06,7.289364475582261e-06
136,5.771445103164297e-06,6.905914688104531e-06
137,5.702986982214497e-06,8.01866190158762e-06
138,6.096858214732492e-06,7.618741619808134e-06
139,5.738935215049423e-06,7.03413616065518e-06
140,5.6280628086824436e-06,7.155077582865488e-06
141,5.410210178524721e-06,6.78041624269099e-06
142,5.482210781337926e-06,6.81661822454771e-06
143,5.239697657088982e-06,6.669783033430576e-06
144,5.151984169060597e-06,6.842167749709915e-06
145,5.1477372835506685e-06,6.606304850720335e-06
146,5.245487500360468e-06,6.455872153310338e-06
147,5.124064500705572e-06,6.646861493209144e-06
148,5.174876605451573e-06,6.38426990917651e-06
149,5.165951733943075e-06,6.497961294371635e-06
150,5.372962732508313e-06,6.617169674427714e-06
151,5.0368503252684604e-06,6.5062254179792944e-06
152,4.963734681950882e-06,6.3657948885520454e-06
153,4.937925950798672e-06,6.424095772672445e-06
154,5.049614628660493e-06,6.557261258421931e-06
155,5.1724500735872425e-06,6.446764928114135e-06
156,5.188189334148774e-06,6.754451078450074e-06
157,5.014670932723675e-06,6.286901225394104e-06
158,4.964781055605272e-06,6.367595688061556e-06
159,4.805538537766552e-06,6.401025075319922e-06
160,5.018106548959622e-06,6.659522568952525e-06
161,5.211058123677503e-06,8.656429599795956e-06
162,5.872292149433633e-06,6.926576133992057e-06
163,5.075081389804836e-06,6.48298464511754e-06
164,4.843978786084335e-06,6.393378043867415e-06
165,4.5621554818353616e-06,5.901922122575343e-06
166,4.600092324835714e-06,5.9033768593508285e-06
167,4.924994300381513e-06,6.806969850003952e-06
168,5.174309535505017e-06,6.341593689285219e-06
169,5.3317453421186656e-06,6.6044035520462785e-06
170,4.877396804658929e-06,6.029345968272537e-06
171,4.515894943324383e-06,5.987712029309478e-06
172,4.499258011492202e-06,5.890652573725674e-06
173,4.530028490989935e-06,5.741546374338213e-06
174,4.794742835656507e-06,6.812715582782403e-06
175,4.721277036878746e-06,6.328038580249995e-06
176,4.843087481276598e-06,6.1070313677191734e-06
177,4.84326301375404e-06,5.976536613161443e-06
178,4.981707206752617e-06,7.599950095027452e-06
179,5.799317932542181e-06,9.144148862105794e-06
180,5.799064638267737e-06,6.053838205843931e-06
181,5.260158104647417e-06,7.1623680923949e-06
182,4.998297299607657e-06,7.3176984187739436e-06
183,5.234984655544395e-06,6.514134383905912e-06
184,4.929426268063253e-06,6.024300091667101e-06
185,4.420859568199376e-06,5.823247647640528e-06
186,4.270402769179782e-06,5.8415726016392e-06
187,4.264099516149145e-06,5.747463092120597e-06
188,4.37173275713576e-06,5.682839400833473e-06
189,4.3624168029055e-06,5.876624527445529e-06
190,4.282630925445119e-06,5.622719072562177e-06
191,4.29442525273771e-06,6.106738055677852e-06
192,4.574877493723761e-06,5.9147960200789385e-06
193,4.260044988768641e-06,5.984721155982697e-06
194,4.478928531170823e-06,5.490860530699138e-06
195,4.240906037011882e-06,5.967935521766776e-06
196,4.4054795580450445e-06,6.506544195872266e-06
197,4.379867277748417e-06,5.556402811635053e-06
198,4.188066213828279e-06,6.081995252316119e-06
199,4.304367848817492e-06,5.5169557526824065e-06
200,4.1980965761467814e-06,5.993162176309852e-06
201,4.55438294011401e-06,7.233994438138325e-06
202,4.860013177676592e-06,5.474530098581454e-06
203,4.2389024201838765e-06,6.033248610037845e-06
204,4.269178134563845e-06,5.636016339849448e-06
205,4.03259491577046e-06,5.851982677995693e-06
206,4.087344677827787e-06,5.516268174687866e-06
207,3.966069016314577e-06,5.539974608836928e-06
208,3.965161340602208e-06,5.778149898105767e-06
209,3.883769750245847e-06,5.653534117300296e-06
210,4.1114935811492614e-06,5.297143161442364e-06
211,3.908541202690685e-06,5.764028628618689e-06
212,4.03271315008169e-06,5.790906470792834e-06
213,3.995369297626894e-06,5.766215963376453e-06
214,4.362225809018128e-06,7.600620392622659e-06
215,5.0296084737055935e-06,5.731996679969598e-06
216,5.288063221087214e-06,9.81333687377628e-06
217,5.567268090089783e-06,7.87161297921557e-06
218,5.879756827198435e-06,7.404314146697288e-06
219,6.9725765570183285e-06,7.0039022830314934e-06
220,8.81379128259141e-06,1.2603473805938847e-05
221,8.69294126459863e-06,1.105310639104573e-05
222,7.366893896687543e-06,8.973380317911506e-06
223,6.217439477040898e-06,6.6489665186963975e-06
224,6.832075541751692e-06,6.387253051798325e-06
225,6.145911356725264e-06,8.7202170107048e-06
226,5.6946196309581865e-06,7.180596185207833e-06
227,5.2200575737515464e-06,9.062321623787284e-06
228,5.012187557440484e-06,7.016511517576873e-06
229,4.470723524718778e-06,7.195872512966162e-06
230,4.3344412006263155e-06,6.302730525931111e-06
231,4.246064690960338e-06,6.598673735425109e-06
232,4.1582193262001965e-06,6.3250963648897596e-06
233,4.219818492856575e-06,6.662959094683174e-06
234,4.05060109187616e-06,5.664699074259261e-06
235,3.763469521800289e-06,5.493294793268433e-06
236,3.6261342302168487e-06,5.49218020751141e-06
237,3.6379969969857484e-06,5.6568251238786615e-06
238,3.5555954127630685e-06,5.376138688006904e-06
239,3.592330813262379e-06,5.722056812373921e-06
240,3.662529024950345e-06,5.710543973691529e-06
241,3.635173243310419e-06,5.659303042193642e-06
242,3.6947512853657827e-06,5.7554279919713736e-06
243,3.766193458432099e-06,5.472673365147784e-06
244,3.5669777389557566e-06,5.456955022964394e-06
245,3.580126985980314e-06,5.598593816102948e-06
246,3.63268077308021e-06,5.328045972419204e-06
247,3.6556150462274672e-06,5.485390829562675e-06
248,3.615925379563123e-06,5.4234915296547115e-06
249,3.5210723581258208e-06,5.439017058961326e-06
250,3.472390744718723e-06,5.3416706577991135e-06
251,3.455596015555784e-06,5.230105216469383e-06
252,3.495845248835394e-06,5.573280304815853e-06
253,3.5964192193205236e-06,5.462564331537578e-06
254,3.452508735790616e-06,5.19819559485768e-06
255,3.6296708003646927e-06,5.390344995248597e-06
256,3.7070608414069284e-06,5.654619599226862e-06
257,3.562850451999111e-06,5.384767064242624e-06
258,3.5290690902911592e-06,6.1148211898398586e-06
259,3.5427897273621056e-06,5.271440841170261e-06
260,3.5174998629372567e-06,5.27617021361948e-06
261,3.455852947809035e-06,6.199274594109738e-06
262,3.6028827707923483e-06,5.226725079410244e-06
263,3.43039573635906e-06,5.3551489145320375e-06
264,3.628581907832995e-06,5.914128905715188e-06
265,3.6627425288315862e-06,5.622743174171774e-06
266,3.6923058814863907e-06,5.352775588107761e-06
267,3.501201717881486e-06,5.604456873697927e-06
268,3.466687758191256e-06,5.297271400195314e-06
269,3.482328338577645e-06,5.495125151355751e-06
270,3.669527814054163e-06,5.202179636398796e-06
271,4.466205609787721e-06,5.723680260416586e-06
272,4.997209998691687e-06,1.0378309525549412e-05
273,5.267381311568897e-06,5.851509740750771e-06
274,4.732472007162869e-06,5.869911547051743e-06
275,4.40973508375464e-06,8.509987310389988e-06
276,4.3443624235806055e-06,5.621323907689657e-06
277,3.987755007983651e-06,7.996081876626704e-06
278,4.175973117526155e-06,5.791986041003838e-06
279,4.088394234713633e-06,6.0989887060713954e-06
280,4.196629106445471e-06,6.348341230477672e-06
281,3.7956881442369195e-06,6.006023795634974e-06
282,3.631220806710189e-06,5.881104698346462e-06
283,3.705431936396053e-06,5.729431904910598e-06
284,3.854785518342396e-06,5.3918656703899615e-06
285,3.6712258406623732e-06,5.6308344937860966e-06
286,3.553427859515068e-06,5.5729501582391094e-06
287,3.410888439248083e-06,5.92301512369886e-06
288,3.3470710150140803e-06,5.157471605343744e-06
289,3.253145450798911e-06,5.069297912996262e-06
290,3.2443392683489947e-06,5.284970939101186e-06
291,3.214599928469397e-06,5.2115419748588465e-06
292,3.2777384149085265e-06,5.314581358106807e-06
293,3.2288633065036265e-06,5.6060421229631174e-06
294,3.305491873106803e-06,5.144248007127317e-06
295,3.1486968055105535e-06,5.305059858073946e-06
296,3.173295453962055e-06,5.287029125611298e-06
297,3.1987794955057325e-06,5.202051852393197e-06
298,3.1960503292793874e-06,5.407376193033997e-06
299,3.298261844975059e-06,5.088612851977814e-06
300,3.1161562219494954e-06,5.2081936701142695e-06
301,3.315056119390647e-06,5.379095000535017e-06
302,3.3997378068306716e-06,5.408352990343701e-06
303,3.4171384868386667e-06,5.636135028908029e-06
304,3.2759337500465335e-06,5.205799425311852e-06
305,3.4596348541526822e-06,5.6664944168005604e-06
306,3.3688022540445672e-06,5.2768646128242835e-06
307,3.207361032764311e-06,5.173270437808242e-06
308,3.211433067917824e-06,5.021635388402501e-06
309,3.1013601073937025e-06,5.4988277042866684e-06
310,3.0902913294994505e-06,5.0402786655467935e-06
311,3.2281918720400427e-06,5.162501565791899e-06
312,3.3576222904230235e-06,6.229255632206332e-06
313,3.4464628697605804e-06,5.127457370690536e-06
314,3.129910282950732e-06,5.121790309203789e-06
315,3.1231647881213576e-06,5.307128503773129e-06
316,3.1338590815721545e-06,5.191850505070761e-06
317,2.979031705763191e-06,5.0015792112390045e-06
318,2.9554375942097977e-06,5.096754648548085e-06
319,2.96968187285529e-06,4.940994131175103e-06
320,3.0491517009068048e-06,5.1473889470798895e-06
321,3.061858024011599e-06,5.4149081734067295e-06
322,3.330265826662071e-06,5.912968390475726e-06
323,3.6104643186263274e-06,6.212487733137095e-06
324,4.040231488033896e-06,6.597430910915136e-06
325,4.773392902279738e-06,6.202618351380806e-06
326,7.585516868857667e-06,1.3673847206518985e-05
327,1.3157570720068179e-05,1.0653377103153616e-05
328,2.651308022905141e-05,1.2020568647130858e-05
329,1.9665127183543518e-05,3.0793769838055596e-05
330,1.4991946045483928e-05,1.0926108188868966e-05
331,1.1524613910296466e-05,1.5582201740471646e-05
332,1.0727807421062607e-05,9.603894795873202e-06
333,7.709027158853132e-06,1.5382478522951715e-05
334,6.7158157435187604e-06,7.142446520447265e-06
335,5.1109564083162695e-06,6.6672387220023666e-06
336,4.460201580513967e-06,6.9859379436820745e-06
337,3.925637884094613e-06,7.024631486274302e-06
338,3.8448470149887726e-06,6.244332325877622e-06
339,3.461130063442397e-06,5.683670678990893e-06
340,3.413993454159936e-06,5.922333002672531e-06
341,3.496344334052992e-06,6.139171546237776e-06
342,3.311786258564098e-06,5.273006081552012e-06
343,3.0246362712205155e-06,5.350375431589782e-06
344,2.925909939222038e-06,5.153095571586164e-06
345,2.9577404347946867e-06,5.082518327981234e-06
346,2.9687430469493847e-06,5.299273652781267e-06
347,2.884852847273578e-06,4.976441232429352e-06
348,2.89491867988545e-06,5.060558578406926e-06
349,2.854140120689408e-06,4.903199624095578e-06
350,2.876021198972012e-06,5.166839855519356e-06
351,2.7680821403919253e-06,4.845101102546323e-06
352,2.698330263228854e-06,5.040884389018174e-06
353,2.735709813350695e-06,5.008455445931759e-06
354,2.8833296710217837e-06,5.09616211274988e-06
355,2.9223060664662626e-06,5.268339009489864e-06
356,2.8662198019446805e-06,4.79426216770662e-06
357,2.7677701837092172e-06,4.58014528703643e-06
358,2.5899498723447323e-06,4.645026820071507e-06
359,2.545222059779917e-06,4.730294222099474e-06
360,2.556941353759612e-06,4.644678938348079e-06
361,2.4948394639068283e-06,4.4680987230094615e-06
362,2.487538495188346e-06,4.469827217690181e-06
363,2.569349135228549e-06,4.831066235055914e-06
364,2.5233985070372e-06,4.807122422789689e-06
365,2.4797632249828894e-06,4.441520559339551e-06
366,2.3961638362379745e-06,4.317636467021657e-06
367,2.366127546338248e-06,4.370607712189667e-06
368,2.4021483113756403e-06,4.256562533555552e-06
369,2.3512814095738577e-06,4.209176040603779e-06
370,2.3091838556865696e-06,4.241553142492194e-06
371,2.2880055894347606e-06,4.225846168992575e-06
372,2.3882607820269186e-06,4.210281531413784e-06
373,2.413826905467431e-06,4.429673481354257e-06
374,2.3151474124460947e-06,4.129536591790384e-06
375,2.3109869289328344e-06,4.228038051223848e-06
376,2.2178619474289007e-06,4.157619059697026e-06
377,2.2134768187243026e-06,4.07581455874606e-06
378,2.16026819543913e-06,3.9536680560559034e-06
379,2.206971885243547e-06,4.194597750029061e-06
380,2.1976300104142865e-06,4.0618797356728464e-06
381,2.117071744578425e-06,3.854021088045556e-06
382,2.092234808515059e-06,3.848858341370942e-06
383,2.116953282893519e-06,3.801531420322135e-06
384,2.072930556096253e-06,4.1850712477753405e-06
385,2.201395091105951e-06,4.221032668283442e-06
386,2.2552819700649707e-06,4.243315288476879e-06
387,2.2099350189819233e-06,4.052491931361146e-06
388,2.19913226828794e-06,3.8362441046047024e-06
389,2.030260020546848e-06,3.6720944081025664e-06
390,1.984137043109513e-06,3.6510227801045403e-06
391,1.9076649095950415e-06,3.69915642295382e-06
392,1.9272533791081514e-06,3.740766715054633e-06
393,2.054958486041869e-06,3.817502147285268e-06
394,1.895517016237136e-06,3.6252909012546297e-06
395,1.896519620459003e-06,3.704671598825371e-06
396,1.868220010692312e-06,3.7140653148526326e-06
397,2.016573489527218e-06,3.5372381717024837e-06
398,2.032174052146729e-06,3.7848681131436024e-06
399,1.964441253221594e-06,3.5996890801470727e-06
400,1.997191702685086e-06,3.5680175187735585e-06
401,2.104629174937145e-06,3.781198074648273e-06
402,2.225889375040424e-06,3.6082092265132815e-06
403,2.0171635242149932e-06,3.762800133699784e-06
404,2.1922128325968515e-06,4.270852059562458e-06
405,1.943305051099742e-06,3.361436029081233e-06
406,1.8692833236855222e-06,3.436465021877666e-06
407,1.7266199847654207e-06,3.5349917197891045e-06
408,1.6856167803780409e-06,3.4809302178473445e-06
409,1.6635513020446524e-06,3.445958327574772e-06
410,1.677461796134594e-06,3.245314701416646e-06
411,1.6358453649445437e-06,3.5634984669741243e-06
412,1.7877079017125652e-06,3.8510597732965834e-06
413,1.8367275060882093e-06,3.45737907991861e-06
414,1.813579729059711e-06,3.252368287576246e-06
415,1.624723381610238e-06,3.347521214891458e-06
416,1.699457584436459e-06,3.3890023587446194e-06
417,1.8349155652686022e-06,3.4845929803850595e-06
418,1.8433345303492388e-06,3.331251264171442e-06
419,1.913880623760633e-06,3.448941470196587e-06
420,1.7188922356581315e-06,3.24301072396338e-06
421,1.892786940516089e-06,3.1970241707313107e-06
422,1.780828824848868e-06,3.504873802739894e-06
423,2.0055335880897474e-06,4.256446572981076e-06
424,2.440773187117884e-06,3.33892717208073e-06
425,2.6039135718747275e-06,4.392279606690863e-06
426,2.6151469683100004e-06,4.582729161484167e-06
427,1.9813676317426143e-06,3.1818658499105368e-06
428,1.6834007965371711e-06,3.3848718885565177e-06
429,1.6022288491512882e-06,3.2034508876677137e-06
430,1.5853700006118743e-06,3.463196435404825e-06
431,1.8526254734752001e-06,3.2809025469759945e-06
432,1.7184316902785213e-06,4.119210643693805e-06
433,1.9579608760977862e-06,3.217072389816167e-06
434,1.522826096334029e-06,3.322525344628957e-06
435,1.5563698525511427e-06,3.246790583943948e-06
436,1.5121180467758677e-06,2.974106564579415e-06
437,1.4389628404387622e-06,3.273475840614992e-06
438,1.4707972013638937e-06,3.01009026770771e-06
439,1.4134182038105791e-06,3.0668265935673844e-06
440,1.4413043345484766e-06,3.091956841672072e-06
441,1.4107721426626085e-06,3.228969262636383e-06
442,1.4405411548068514e-06,3.0531359698215965e-06
443,1.556096890453773e-06,3.1125080113270087e-06
444,1.3996847201269702e-06,3.269232820457546e-06
445,1.412684014212573e-06,3.0583039460907457e-06
446,1.3952155768492958e-06,3.180335170327453e-06
447,1.519640704827907e-06,3.2323496270691976e-06
448,1.4845757050352404e-06,3.2708812796045095e-06
449,1.4797524272580631e-06,3.095155307164532e-06
450,1.4125500911177369e-06,3.0453734325419646e-06
451,1.4348208878800506e-06,3.0395190151466522e-06
452,1.4164240837999387e-06,3.5737364214583067e-06
453,1.7246251218239195e-06,3.984562681580428e-06
454,1.8194969015894458e-06,3.255313913541613e-06
455,1.586282451171428e-06,3.3824130696302745e-06
456,1.5777859516674653e-06,3.407702706681448e-06
457,2.2499273200082825e-06,3.5057703371421667e-06
458,2.350721388211241e-06,3.828085482382448e-06
459,1.962001078936737e-06,3.1752192626299802e-06
460,1.8314988210477168e-06,3.7460533803823637e-06
461,2.3031491309666308e-06,4.456588158063823e-06
462,2.3228508325701114e-06,3.214965090592159e-06
463,1.9613071344792843e-06,4.6548229875043035e-06
464,1.9934700503654312e-06,3.56722057404113e-06
465,1.7393334701409913e-06,4.148235802858835e-06
466,1.8487502302377834e-06,3.0071739729464753e-06
467,1.4332683804241242e-06,3.3851144962682156e-06
468,1.4134964203549316e-06,3.395900421310216e-06
469,1.6254355159617262e-06,3.586481398087926e-06
470,1.7159021581392153e-06,3.120259407296544e-06
471,1.4724867014592746e-06,3.6483979783952236e-06
472,1.484694735154335e-06,3.1686624879512237e-06
473,1.4480305026154383e-06,3.2279772312904242e-06
474,1.4068356222196599e-06,3.0448286452156026e-06
475,1.447442969038093e-06,3.586492994145374e-06
476,1.3649237189383712e-06,3.6234916933608474e-06
477,2.0872546429018257e-06,3.479073029666324e-06
478,1.9851111119351117e-06,7.355386514973361e-06
479,3.04530431094463e-06,4.1550110836396925e-06
480,2.093612692988245e-06,3.267668262196821e-06
481,1.6259602944046492e-06,3.561128778528655e-06
482,1.6870613990249694e-06,2.869144054784556e-06
483,1.3778117136098444e-06,3.3018100111803506e-06
484,1.4073368674871745e-06,3.0319540655909805e-06
485,1.2879446558144991e-06,3.02677767649584e-06
486,1.2683774457400432e-06,3.0088801850070013e-06
487,1.2152187309766305e-06,3.1906383810564876e-06
488,1.232256181538105e-06,2.9684645141969668e-06
489,1.2721600342047168e-06,3.0682772376167122e-06
490,1.448064494979917e-06,3.296661361673614e-06
491,1.985249809877132e-06,3.379293730176869e-06
492,2.194442458858248e-06,3.026891590707237e-06
493,1.595797357367701e-06,3.17889725920395e-06
494,1.3943199519417249e-06,2.9467137210303918e-06
495,1.384580400554114e-06,3.416021399971214e-06
496,1.5172535086094285e-06,3.1318973015004303e-06
497,1.4400281997950515e-06,2.945566848211456e-06
498,1.4305795730251702e-06,3.309382009319961e-06
499,1.4111960808804724e-06,4.029386218462605e-06
500,1.7007751011988148e-06,3.2091425055114087e-06
501,1.6730379002183327e-06,2.924201226051082e-06
502,1.9792651073657908e-06,4.737661129183834e-06
503,1.9050718265134492e-06,3.515867092573899e-06
504,2.052961917797802e-06,3.9520978134532925e-06
505,2.147283339581918e-06,3.4160730137955397e-06
506,1.9845276710839244e-06,4.908406026515877e-06
507,2.0622057945729466e-06,3.4759516438498395e-06
508,1.7417685285181506e-06,3.3612286642892286e-06
509,1.5269819186869427e-06,3.860594915749971e-06
510,1.4914774055796443e-06,3.961604306823574e-06
511,2.049048816843424e-06,3.4720148960332153e-06
512,2.0771444724232424e-06,3.7386332678579492e-06
513,1.961375801329268e-06,5.910163054068107e-06
514,2.431544089631643e-06,3.0258086098911008e-06
515,1.8407270090392558e-06,3.508586814859882e-06
516,1.5201782161966548e-06,3.875430593325291e-06
517,1.4725377468494116e-06,3.6701153476315085e-06
518,1.5152284049690934e-06,3.855612703773659e-06
519,1.533322347313515e-06,3.254328476032242e-06
520,1.348631826658675e-06,3.2018447200243827e-06
521,1.3474602837959537e-06,3.3935389183170628e-06
522,1.2042931984979077e-06,3.1235335882229265e-06
523,1.1774980066547869e-06,3.366058081155643e-06
524,1.1239047807976021e-06,3.1380332075059414e-06
525,1.1717165762092918e-06,3.127224317722721e-06
526,1.1167086313434993e-06,3.1211347959470004e-06
527,1.1043496215279447e-06,3.4158529160777107e-06
528,1.140114704867301e-06,3.164602730976185e-06
529,1.0759310953289969e-06,3.012878323715995e-06
530,1.0799236633829423e-06,3.14971839543432e-06
531,1.106370973502635e-06,3.0571259230782744e-06
532,1.120408683163987e-06,2.8656063477683347e-06
533,1.1576701126614353e-06,3.697700549309957e-06
534,1.2249577139300527e-06,3.0738206078240182e-06
535,1.086460315491422e-06,2.9846221423213137e-06
536,1.0741545111159212e-06,3.1035099254950183e-06
537,1.071525389306771e-06,2.9571374398074113e-06
538,1.0790882924993639e-06,2.8370438940328313e-06
539,1.0477240266482113e-06,3.1271333682525437e-06
540,1.025191295411787e-06,3.072059826081386e-06
541,1.0504691090318374e-06,2.884723699025926e-06
542,1.0448137572893756e-06,2.8958634175069164e-06
543,1.134858052864729e-06,3.067432771786116e-06
544,1.1114907465525903e-06,3.111596470262157e-06
545,1.090618525267928e-06,2.8261408715479774e-06
546,1.0164152399738668e-06,2.8767049116140697e-06
547,1.0221179991276585e-06,2.9354571324802237e-06
548,1.066261802407098e-06,3.026919330295641e-06
549,1.0670730716810795e-06,3.1109252631722484e-06
550,1.058586690305674e-06,3.0867372515785974e-06
551,1.0627119308992405e-06,2.944470452348469e-06
552,1.0031338888438768e-06,2.930310529336566e-06
553,1.0394238643129938e-06,3.1257918635674287e-06
554,1.0641531389410375e-06,2.9979848932271125e-06
555,1.046984152708319e-06,2.9507370982173597e-06
556,1.212251618198934e-06,3.376119366294006e-06
557,1.204803993459791e-06,3.130221784886089e-06
558,1.1823586874015746e-06,3.2104885576700326e-06
559,1.0438529898237903e-06,3.0625251383753493e-06
560,1.0786604889290174e-06,2.9073821679048706e-06
561,1.2480836630857084e-06,3.2683615245332476e-06
562,1.770727067196276e-06,3.2470052246935666e-06
563,1.526920073047222e-06,4.104851541342214e-06
564,2.0206648514431436e-06,5.153230631549377e-06
565,2.09230211112299e-06,3.833006303466391e-06
566,1.9240374058426823e-06,3.851987912639743e-06
567,2.031567646554322e-06,3.611203283071518e-06
568,1.581987476129143e-06,4.166130565863568e-06
569,1.6099880895126262e-06,4.015260401502019e-06
570,1.863517013589444e-06,3.915087290806696e-06
571,2.089454483211739e-06,3.0910791792848613e-06
572,1.5121001979423454e-06,5.501070972968591e-06
573,1.7010443116305396e-06,3.4388635867799167e-06
574,1.4277951549956924e-06,2.9921891382400645e-06
575,1.1332338090142002e-06,3.605262463679537e-06
576,1.1130879329357413e-06,3.701935838762438e-06
577,1.0393930551799713e-06,3.101706170127727e-06
578,9.996558674174594e-07,3.0428341233346146e-06
579,9.769286180016934e-07,3.413215381442569e-06
580,1.0913604455708992e-06,3.3658041047601728e-06
581,1.1996875173281296e-06,3.199921138730133e-06
582,1.1925969829462701e-06,2.9102543521730695e-06
583,1.026598170028592e-06,3.2025345717556775e-06
584,1.0022828291766928e-06,3.023324779860559e-06
585,1.1317099506413797e-06,3.2136845220520627e-06
586,1.480752189308987e-06,4.595525297190761e-06
587,1.8382188500254415e-06,5.0001931413135026e-06
588,1.4526063978337334e-06,3.8794014471932314e-06
589,1.1639883723546518e-06,3.028299261131906e-06
590,1.1164436273247702e-06,3.6384469694894506e-06
591,1.2262332802492892e-06,3.21019479088136e-06
592,1.241875224877731e-06,3.4880752082244726e-06
593,1.1559139920791495e-06,2.9923605779913487e-06
594,1.0787923656607745e-06,3.5227762964495923e-06
595,1.2286112678339123e-06,3.4472118386474904e-06
596,1.0909195680142147e-06,3.024533498319215e-06
597,1.0902087979047792e-06,3.151931423417409e-06
598,1.6006009673219523e-06,4.371995601104572e-06
599,1.5158998394326773e-06,3.0885471460351255e-06
600,1.5993806528058485e-06,3.4663366932363715e-06
601,1.2973368939128704e-06,3.284961621830007e-06
602,1.2432094536052318e-06,3.677068207252887e-06
603,1.3566835832534707e-06,4.056457783008227e-06
604,1.7122563349403208e-06,2.909561544583994e-06
605,1.074571514436684e-06,3.2123814435180975e-06
606,1.002509407044272e-06,2.92763729703438e-06
607,9.321495895164844e-07,2.8944316454726504e-06
608,9.366846711600374e-07,3.0137466637825128e-06
609,9.182411986330408e-07,2.988394271596917e-06
610,9.303491310674872e-07,3.320402129247668e-06
611,1.0306463309461833e-06,3.0933199468563544e-06
612,1.0200122915193788e-06,3.188527671227348e-06
613,1.3620690424431814e-06,3.5306816243974026e-06
614,1.6823954638311989e-06,4.3603477024589665e-06
615,1.9622111722128466e-06,5.6517505981901195e-06
616,1.840840013755951e-06,3.5947509786637966e-06
617,1.1990157418040326e-06,4.591741344484035e-06
618,1.994379545067204e-06,3.6387398267834214e-06
619,1.8312250631424831e-06,3.2947434647212503e-06
620,1.3052876965957694e-06,4.030458967463346e-06
621,1.3260827245176188e-06,3.5148805181961507e-06
622,1.6909923488128697e-06,4.493799224292161e-06
623,2.022037278948119e-06,5.065446657681605e-06
624,2.6661648462322773e-06,8.153618182404898e-06
625,5.1279262152093e-06,8.562293260183651e-06
626,9.38441553444136e-06,4.879447260464076e-06
627,6.394311640178785e-06,1.2961565516889095e-05
628,7.084615845087683e-06,8.549875929020345e-06
629,9.14291013032198e-06,7.693948646192439e-06
630,1.1535710655152798e-05,5.947958015894983e-06
631,6.38996425550431e-06,8.671304385643452e-06
632,4.068059297424043e-06,5.436342689790763e-06
633,2.841561581590213e-06,5.805673026770819e-06
634,1.9836991214106092e-06,4.926253950543469e-06
635,1.6369856439268915e-06,4.987134161638096e-06
636,1.4687230986965005e-06,4.403186267154524e-06
637,1.457400912840967e-06,4.158504452789202e-06
638,1.4514444046653807e-06,3.9898795876069926e-06
639,1.3628836086354568e-06,4.158936917519895e-06
640,1.5141901030801819e-06,5.74833165956079e-06
641,1.8554816278992803e-06,3.595992211558041e-06
642,2.0514576135610696e-06,4.557527972792741e-06
643,1.7003436596496613e-06,4.017981609649723e-06
644,1.571596612848225e-06,3.913441560143838e-06
645,1.4632611282650032e-06,4.162895493209362e-06
646,1.067956191036501e-06,3.7933684780000476e-06
647,9.684357564765378e-07,3.430040351304342e-06
648,9.029191687659477e-07,3.846454092126805e-06
649,1.0132505394722102e-06,3.960035428463016e-06
650,9.671391580923228e-07,3.3914523100975202e-06
651,9.847650517258444e-07,3.932386789529119e-06
652,1.041192490447429e-06,3.5698406009032624e-06
653,1.0729925179475686e-06,4.533358605840476e-06
654,1.224942934641149e-06,3.7347886063798796e-06
655,1.0935533509837114e-06,4.04352158511756e-06
656,1.1632359928626101e-06,3.778427299039322e-06
657,9.67766368376033e-07,3.6188671401760075e-06
658,9.089232548831205e-07,3.7514073483180255e-06
659,8.499391697114334e-07,3.6834310321864905e-06
660,8.844437502375513e-07,3.656829676401685e-06
661,9.921607215801487e-07,3.5589648632594617e-06
662,9.398044085173751e-07,3.7702634472225327e-06
663,8.788584864305449e-07,3.7064473872305825e-06
664,8.044094101933297e-07,3.626274974521948e-06
665,8.495029533150955e-07,3.606056907301536e-06
666,8.84024871083966e-07,3.677670974866487e-06
667,8.080049269665324e-07,3.5782572922471445e-06
668,7.922682812022686e-07,3.6031192394148093e-06
669,7.830554977772408e-07,3.4448289625288453e-06
670,8.047289270507463e-07,3.5608668440545443e-06
671,7.709275564593554e-07,3.533032895575161e-06
672,7.60161981361307e-07,3.4448105452611344e-06
673,7.63654043112183e-07,3.492163841656293e-06
674,7.918945925666776e-07,3.5078787732345518e-06
675,7.817880032234825e-07,3.5046482480538543e-06
676,7.88225122505537e-07,3.8304001463984605e-06
677,7.889999551480287e-07,3.3435032946727006e-06
678,8.164581117853231e-07,3.372426363057457e-06
679,7.959298500281875e-07,3.5877487789548468e-06
680,7.711172429480939e-07,3.8870953176228795e-06
681,8.209907491618651e-07,3.2694322271709098e-06
682,8.333042273989122e-07,3.4538593354227487e-06
683,9.433410923520569e-07,3.692922746267868e-06
684,8.796912993602746e-07,3.6282594919612166e-06
685,9.345952207695518e-07,4.577118033921579e-06
686,9.980235518014524e-07,3.680503596115159e-06
687,8.589530011704483e-07,3.7527479435084388e-06
688,8.280900374302291e-07,3.534179995767772e-06
689,8.687840136190061e-07,3.4006704936473398e-06
690,7.951490488267154e-07,3.7135821457923157e-06
691,7.376050916718668e-07,3.36564107783488e-06
692,8.593275424573221e-07,3.343282514833845e-06
693,8.837067753120209e-07,3.6517517401080113e-06
694,8.031635729821573e-07,3.732124923772062e-06
695,7.738976819382515e-07,3.3368098684150027e-06
696,7.358054858741525e-07,3.4398442494421033e-06
697,7.398714956252661e-07,3.3817952953540953e-06
698,7.395044576696819e-07,3.6069002362637548e-06
699,7.567689408460865e-07,3.5172131447325228e-06
700,7.471145408999291e-07,3.422417194087757e-06
701,7.357547247011098e-07,3.406543328310363e-06
702,7.352943498517561e-07,3.311871068945038e-06
703,7.006051987445971e-07,3.255704314142349e-06
704,7.014551783868228e-07,3.5360637866688194e-06
705,7.780874398122251e-07,3.3713247375999345e-06
706,8.169730563167832e-07,3.457931597949937e-06
707,8.338349175573967e-07,3.224617557862075e-06
708,7.322950068555656e-07,3.3833744055300485e-06
709,6.912076173648529e-07,3.428153604545514e-06
710,6.811923753957672e-07,3.1409138046001317e-06
711,7.024258934507088e-07,3.315417870908277e-06
712,8.119138215079147e-07,3.4928048080473673e-06
713,8.362829930774751e-07,3.3148928650916787e-06
714,7.364126304310048e-07,3.7209326819720445e-06
715,7.730506013103877e-07,3.5483294595906045e-06
716,8.097878776425205e-07,3.7101829093444394e-06
717,7.723635349066171e-07,3.2581315281277057e-06
718,8.368027692995383e-07,3.7970517041685525e-06
719,1.0344332395106903e-06,3.829301022051368e-06
720,1.0684282187867211e-06,3.7265908758854493e-06
721,1.2033149232593132e-06,2.8828228550992208e-06
722,1.0059441137855174e-06,4.176056791038718e-06
723,9.24368464438885e-07,3.8071702874731272e-06
724,8.10831465969386e-07,3.5651914913614746e-06
725,8.048665449678083e-07,3.4325378237554105e-06
726,8.09349046448915e-07,3.868117346428335e-06
727,8.858081628204673e-07,3.38718155035167e-06
728,9.53799712988257e-07,3.334428811285761e-06
729,7.971393642947078e-07,3.8138430227263598e-06
730,8.165347935573664e-07,3.33361504090135e-06
731,7.786978812873713e-07,3.581819328246638e-06
732,8.003088396435487e-07,3.760758318094304e-06
733,7.682850196033542e-07,3.551971985871205e-06
734,7.386490210592456e-07,3.60648732566915e-06
735,6.988556719988992e-07,3.441056833253242e-06
736,8.577534345022286e-07,3.4732415770122316e-06
737,9.929105999617605e-07,4.125126906728838e-06
738,1.2025113846902968e-06,4.751229880639585e-06
739,1.0757229347291286e-06,4.1208536458725575e-06
740,1.2620084817172028e-06,4.421007361088414e-06
741,1.1154512549182982e-06,3.7869140214752406e-06
742,9.952299251381191e-07,3.7354097912611905e-06
743,9.450596962778945e-07,3.716455466928892e-06
744,1.0355394124417217e-06,4.281538167560939e-06
745,1.1482037507448695e-06,3.921990810340503e-06
746,9.091476158573641e-07,3.60332478521741e-06
747,8.907018127501942e-07,3.749559937205049e-06
748,1.0481376193638425e-06,3.6475278193393024e-06
749,9.44934527069563e-07,4.707347670773743e-06
750,1.354200549030793e-06,3.5816999570670305e-06
751,1.115099280468712e-06,4.019375865027541e-06
752,1.5956308061504387e-06,6.751030923624057e-06
753,3.4106019484170247e-06,6.186714927025605e-06
754,1.9462854652374517e-06,4.4870039346278645e-06
755,1.3195425481171696e-06,3.941339855373371e-06
756,1.1384490790078416e-06,4.397300472192001e-06
757,1.2628005379156093e-06,4.322636414144654e-06
758,1.3828953342454042e-06,3.4454708384146215e-06
759,1.2454487432478345e-06,4.04157754019252e-06
760,9.547409263177542e-07,4.28443217970198e-06
761,9.162012020169641e-07,4.013717443740461e-06
762,1.219286787090823e-06,3.2854036362550687e-06
763,1.0664524552339572e-06,3.857461251755012e-06
764,1.4024222991793067e-06,4.292839548725169e-06
765,1.3623609902424505e-06,4.1736357161425985e-06
766,1.480079617977026e-06,4.690192326961551e-06
767,2.2921042273083003e-06,4.083693056600168e-06
768,2.1334190023480915e-06,6.935023520782124e-06
769,2.9486038783943513e-06,4.8458923629368655e-06
770,2.1159182779229013e-06,6.726498213538434e-06
771,3.1238291740010027e-06,5.180527750781039e-06
772,2.2666927179670893e-06,4.770326540892711e-06
773,1.7058367802746943e-06,4.4534554035635665e-06
774,1.3207562687966856e-06,5.002076250093523e-06
775,1.2100127833036822e-06,4.478223218029598e-06
776,1.1988024652964668e-06,4.726555744127836e-06
777,1.0564714330030256e-06,3.813164994426188e-06
778,8.887745934771374e-07,4.303967671148712e-06
779,1.1187119071109919e-06,4.431848992680898e-06
780,1.0242888492939528e-06,4.061572326463647e-06
781,8.031757943172124e-07,3.8042082906031283e-06
782,7.324273383346735e-07,3.4471545404812787e-06
783,8.846233185977326e-07,3.9215010474435985e-06
784,7.587568688904867e-07,3.872098204737995e-06
785,7.208812462522474e-07,3.5574053072195966e-06
786,6.780816192986094e-07,3.6691617424366996e-06
787,6.398081495717634e-07,3.5455341276247054e-06
788,6.10567781222926e-07,3.619052677095169e-06
789,5.976129386908724e-07,3.5618534184322925e-06
790,5.976793318041018e-07,3.44992031386937e-06
791,6.373421683747438e-07,3.342802301631309e-06
792,5.909737978981866e-07,3.5062207643932197e-06
793,6.450142109315493e-07,3.6119308788329363e-06
794,6.267329126785626e-07,3.903732249455061e-06
795,6.480855176960176e-07,3.4762967970891623e-06
796,7.502575272155809e-07,3.2409959658252774e-06
797,7.653688953723758e-07,3.973330876760883e-06
798,7.583877277284046e-07,4.007644292869372e-06
799,7.021261012596369e-07,4.290893230063375e-06
800,8.357275760317862e-07,3.4808799682650715e-06
801,6.991494387875719e-07,3.657545221358305e-06
802,8.019150072868797e-07,3.710288410729845e-06
803,7.399931405416282e-07,5.196383426664397e-06
804,1.3465639767673565e-06,4.2780548028531484e-06
805,1.2634291124413721e-06,3.991579433204606e-06
806,1.1119971077278024e-06,4.171711225353647e-06
807,1.4852812455501407e-06,5.463897650770377e-06
808,1.3614275076179183e-06,4.15782596974168e-06
809,1.757467316565453e-06,4.001788965979358e-06
810,1.2914294984511798e-06,5.259822501102462e-06
811,1.0017822660302045e-06,3.99071950596408e-06
812,7.85449742579658e-07,3.74621822629706e-06
813,6.843768005637685e-07,3.7859142594243167e-06
814,7.085098445713811e-07,3.664880523501779e-06
815,7.756214586152055e-07,4.287958745408105e-06
816,9.469034125686449e-07,3.852351255773101e-06
817,8.570856380174519e-07,4.014086698589381e-06
818,1.3359440345084295e-06,3.855805061903084e-06
819,1.7349232166452566e-06,4.735533366329037e-06
820,2.2809479105490027e-06,8.835595508571714e-06
821,2.2527553937834455e-06,5.6567650972283445e-06
822,2.813508672261378e-06,5.56585564481793e-06
823,2.472062533342978e-06,6.29485066383495e-06
824,2.437557213852415e-06,4.945066848449642e-06
825,2.920515953519498e-06,4.693093160312856e-06
826,2.834555289155105e-06,6.5675144469423685e-06
827,1.9642852748802397e-06,4.843506758334115e-06
828,2.4306066279677907e-06,5.120550213177921e-06
829,2.052112904493697e-06,7.729187018412631e-06
830,2.6328975764045026e-06,4.056290890730452e-06
831,1.401897407049546e-06,4.94670757689164e-06
832,1.4691893284179969e-06,4.72117153549334e-06
833,1.6857677564985352e-06,5.860717010364169e-06
834,1.8631774310051696e-06,4.67510471935384e-06
835,1.1921887335120118e-06,4.769949555338826e-06
836,1.090464138542302e-06,3.969501904066419e-06
837,8.384814691453357e-07,3.842695605271729e-06
838,9.090307457881863e-07,4.667584107664879e-06
839,1.0929763902822742e-06,5.076738034404116e-06
840,8.101778803393245e-07,3.5654957173392177e-06
841,8.523954306838277e-07,3.8348621274053585e-06
842,8.731074672141403e-07,4.142208126722835e-06
843,8.528436410415452e-07,4.674507181334775e-06
844,7.752522606097045e-07,3.8957787182880566e-06
845,6.332083444249292e-07,3.760829713428393e-06
846,6.553852358592849e-07,3.771627689275192e-06
847,6.582651508324489e-07,4.002239620604087e-06
848,6.660253575319075e-07,3.619167955548619e-06
849,6.085418817747268e-07,3.6945705232938053e-06
850,5.457820293486293e-07,3.7274264741427032e-06
851,5.299128815750009e-07,3.771388492168626e-06
852,5.398211442297907e-07,3.6277219805924688e-06
853,5.316632041285629e-07,3.647919584182091e-06
854,5.430399028227839e-07,3.7268296182446647e-06
855,5.215943019720726e-07,3.741528416867368e-06
856,5.977972250548191e-07,3.6932112834620057e-06
857,5.972372605356213e-07,3.7639888432750013e-06
858,6.733035888828454e-07,4.309953965275781e-06
859,8.026198088373349e-07,4.909482868242776e-06
860,9.324044185632374e-07,3.702679805428488e-06
861,9.705756838229718e-07,3.5951925383415073e-06
862,7.973864057930768e-07,4.5651158870896325e-06
863,7.041048206701817e-07,3.97258008888457e-06
864,6.163141392789839e-07,3.573470849005389e-06
865,5.505518174686586e-07,3.988505341112614e-06
866,5.558614475376089e-07,3.820726306003053e-06
867,5.37885284757067e-07,3.711003500939114e-06
868,5.295127039062208e-07,3.7894885736022843e-06
869,5.460240686261386e-07,3.84397344532772e-06
870,6.305845658971521e-07,4.025269845442381e-06
871,7.73035367274133e-07,3.8877524275449105e-06
872,7.403729682664562e-07,4.049720701004844e-06
873,8.26438167678134e-07,4.7631028792238794e-06
874,7.999300351002603e-07,3.5232289974374e-06
875,6.11574421327532e-07,3.709512839122908e-06
876,5.809766889797174e-07,4.0172603803512175e-06
877,6.187866006257536e-07,3.777211986744078e-06
878,5.836070045006636e-07,3.718424977705581e-06
879,6.82530298945494e-07,4.210907263768604e-06
880,6.311966558314452e-07,3.7668964978365693e-06
881,5.757621579505212e-07,3.7855807022424415e-06
882,6.698763854728895e-07,3.7084312225488247e-06
883,5.582734274867107e-07,3.925738383259159e-06
884,6.323066372715402e-07,3.820116944552865e-06
885,5.717134854421602e-07,3.6308890685177175e-06
886,6.662348255304096e-07,3.969269982917467e-06
887,7.680599765080842e-07,3.582159934012452e-06
888,6.287115184022696e-07,3.880289568769513e-06
889,6.818304427724797e-07,3.867074156005401e-06
890,5.946102987763879e-07,3.909452061634511e-06
891,5.391074182625744e-07,3.7778331716253888e-06
892,5.836309924234229e-07,3.7328704820538405e-06
893,5.914615144320123e-07,3.959789410146186e-06
894,5.322050355971442e-07,3.864844074996654e-06
895,5.273946044326294e-07,3.92970468965359e-06
896,6.265191814236459e-07,3.9153610487119295e-06
897,7.155025514293811e-07,3.5804682738671545e-06
898,7.517721201111272e-07,3.901776835846249e-06
899,7.853564056858886e-07,5.035647518525366e-06
900,8.653584018247784e-07,4.002243713330245e-06
901,9.414857231604401e-07,4.04228012484964e-06
902,8.769123951424262e-07,4.03259991799132e-06
903,7.400560093628883e-07,4.593771791405743e-06
904,8.427553552792233e-07,3.5918069443141576e-06
905,1.0713240499171661e-06,4.18469153373735e-06
906,1.441995550521824e-06,6.74346574669471e-06
907,2.774225549728726e-06,8.552737199352123e-06
908,5.926252924837172e-06,1.1077239832957275e-05
909,1.0164575542148668e-05,1.4637689673691057e-05
910,1.2363438145257533e-05,1.3156462046026718e-05
911,9.490400771028362e-06,8.85818553797435e-06
912,1.088161843654234e-05,6.66972846374847e-06
913,9.82997335086111e-06,1.4585460121452343e-05
914,7.056733920762781e-06,9.47075750445947e-06
915,5.009371761843795e-06,1.0297580956830643e-05
916,5.228022928349674e-06,1.0945613212243188e-05
917,5.317339855537284e-06,6.371955350914504e-06
918,4.200838702672627e-06,8.873573278833646e-06
919,4.3533182179089636e-06,7.918779374449514e-06
920,3.2984294193738606e-06,6.484121513494756e-06
921,2.2435283426602837e-06,8.683078704052605e-06
922,2.4981202386697987e-06,5.726474228140432e-06
923,1.6438667671536678e-06,5.498369318956975e-06
924,1.2806074209947838e-06,5.089309070172021e-06
925,1.3153362488083076e-06,4.1634425542724784e-06
926,1.0271207884215983e-06,4.314332272770116e-06
927,1.031994543154724e-06,5.013390364183579e-06
928,9.389273145643529e-07,4.454804638953647e-06
929,9.826660516409902e-07,4.745566457131645e-06
930,9.193737469104235e-07,4.9764175855671056e-06
931,8.495950964970689e-07,4.718646778201219e-06
932,7.6581028451983e-07,4.989401531929616e-06
933,7.059862809910555e-07,4.461974185687723e-06
934,5.925559207753395e-07,4.490757419262081e-06
935,5.79004790779436e-07,4.484189958020579e-06
936,6.138712933534407e-07,4.480226380110253e-06
937,7.200975460364134e-07,4.801789145858493e-06
938,7.557447929684713e-07,4.502010142459767e-06
939,6.151869342829741e-07,4.290563992981333e-06
940,6.173197562020505e-07,4.281069323042175e-06
941,5.754404810431879e-07,4.209933649690356e-06
942,5.940621576883132e-07,4.36629488831386e-06
943,5.44842066574347e-07,4.642199655791046e-06
944,5.417617785496986e-07,4.086178705620114e-06
945,5.72815793020709e-07,4.340327905083541e-06
946,5.618855425382208e-07,4.333713150117546e-06
947,5.419177568910527e-07,4.263690243533347e-06
948,5.010919039705186e-07,4.248043296684045e-06
949,5.128882776261889e-07,4.028145212942036e-06
950,4.908442861051299e-07,4.208098744129529e-06
951,4.6467093284263683e-07,4.452075700100977e-06
952,4.734742162781913e-07,4.228596480970737e-06
953,4.7061712393769994e-07,4.167274255451048e-06
954,5.092224455438554e-07,4.319563231547363e-06
955,5.078738354313828e-07,4.056694706378039e-06
956,4.910752977593802e-07,4.278031155990902e-06
957,4.513350120305404e-07,4.090880338480929e-06
958,4.4596566795007675e-07,4.065988377988106e-06
959,4.454180384527717e-07,4.1466400944045745e-06
960,4.533275728135777e-07,4.161049673712114e-06
961,4.360933019142976e-07,4.210201495880028e-06
962,4.4282350586399843e-07,4.20202013629023e-06
963,4.2939080913129146e-07,4.188476395938778e-06
964,4.3273198002680147e-07,4.10149959861883e-06
965,4.300076454910595e-07,4.256980901118368e-06
966,4.3966446128251846e-07,4.132639332965482e-06
967,4.708948893039633e-07,4.237130269757472e-06
968,4.6562200850530644e-07,4.3118102439621e-06
969,4.7220629539879155e-07,4.037209237139905e-06
970,4.419456161031121e-07,4.222391908115242e-06
971,4.331730565354519e-07,4.0940499275166076e-06
972,4.4810298049924313e-07,4.224364147376036e-06
973,4.2501733332755975e-07,4.055678800796159e-06
974,4.1771968994908093e-07,4.1396428969164845e-06
975,4.2338086814197595e-07,4.186214027868118e-06
976,4.3868050170203787e-07,4.22979337599827e-06
977,4.3338641830814595e-07,4.05519222113071e-06
978,4.335583980719093e-07,4.248267941875383e-06
979,4.299006945984729e-07,4.169070507487049e-06
980,4.221443816732062e-07,4.192788765067235e-06
981,4.3395021975811687e-07,4.2105930333491415e-06
982,4.477134893932089e-07,4.052805707033258e-06
983,4.1527465555191156e-07,4.26645692641614e-06
984,4.358890350886213e-07,4.124590304854792e-06
985,4.3105350755467953e-07,4.217267814965453e-06
986,4.1227991687264876e-07,4.246964635967743e-06
987,4.0410517954114766e-07,4.170509782852605e-06
988,4.1275228568338207e-07,4.156990598858101e-06
989,4.1333660760756175e-07,4.188337697996758e-06
990,4.023659130325541e-07,4.107785116502782e-06
991,4.015660977074731e-07,4.133568836550694e-06
992,4.172249532530259e-07,4.087424713361543e-06
993,4.2327138771725004e-07,4.284606802684721e-06
994,4.237046482558071e-07,4.2082619984284975e-06
995,4.303889511447778e-07,4.0670061025593895e-06
996,4.170265128777828e-07,4.1637749745859765e-06
997,4.218530591515446e-07,4.266195901436731e-06
998,4.279828260678187e-07,4.193696895526955e-06
999,4.0556113845013897e-07,4.1576145122235175e-06
1000,3.963346841828752e-07,4.14045643992722e-06
1001,4.0031764569903316e-07,4.047932634421159e-06
1002,4.069714236720756e-07,4.288565833121538e-06
1003,4.113836951091798e-07,4.200772309559397e-06
1004,3.989554784311622e-07,4.096794327779207e-06
1005,3.93657217045984e-07,4.236901986587327e-06
1006,4.071380885761755e-07,3.9643982745474204e-06
1007,4.1477761669739266e-07,4.474728484638035e-06
1008,4.338252495017514e-07,4.127981810597703e-06
1009,4.371949273718201e-07,4.253538463672157e-06
1010,4.2211553363813437e-07,4.152842848270666e-06
1011,4.3499511548361625e-07,4.049024028063286e-06
1012,4.4274042920733336e-07,4.2425476749485824e-06
1013,4.21580296006141e-07,4.02513614972122e-06
1014,4.3628082835311943e-07,4.348329639469739e-06
1015,4.118015510812256e-07,4.178512426733505e-06
1016,4.108727011953306e-07,4.146205810684478e-06
1017,4.001461206826207e-07,3.974234004999744e-06
1018,4.0351650909542514e-07,4.1745047383301426e-06
1019,4.4523466158352676e-07,4.340329724072944e-06
1020,4.334828531682433e-07,3.912975444109179e-06
1021,4.252798646575684e-07,4.337099653639598e-06
1022,4.1687840734994097e-07,4.041706688440172e-06
1023,4.035092899812298e-07,4.333790911914548e-06
1024,4.132579647375678e-07,4.04642514695297e-06
1025,3.9624600844945235e-07,4.186923433735501e-06
1026,4.004465665730095e-07,4.2529454731266014e-06
1027,4.320193056628341e-07,4.307222297939006e-06
1028,5.65033246857638e-07,4.366511348052882e-06
1029,7.872038736422837e-07,5.11043344886275e-06
1030,7.287800372068887e-07,4.096368684258778e-06
1031,7.150340479711303e-07,4.065764187544119e-06
1032,5.476146611727017e-07,4.920726951240795e-06
1033,6.733550321769144e-07,4.7054618335096166e-06
1034,1.2660326547120349e-06,5.574352599069243e-06
1035,1.287963868890074e-06,5.4689676289854106e-06
1036,9.283369877266523e-07,5.064105607743841e-06
1037,8.097355816971685e-07,4.6657214625156485e-06
1038,6.878800604681601e-07,5.22167010785779e-06
1039,6.288286158451228e-07,4.224967597110663e-06
1040,5.643416898237774e-07,4.162518052908126e-06
1041,5.044720410296577e-07,4.302477918827208e-06
1042,5.569507948166574e-07,4.219737547828117e-06
1043,5.22640391409368e-07,4.172902208665619e-06
1044,5.44811427971581e-07,4.11594555771444e-06
1045,4.623946665560652e-07,4.24709151047864e-06
